Submission id,Participant id,Status,Custom study tncs accepted at,Started at,Completed at,Reviewed at,Archived at,Time taken,Completion code,Total approvals,Age,Sex,Ethnicity simplified,Country of birth,Country of residence,Nationality,Language,Student status,Employment status
67a3739e68d29a81a9d9ab8c,66b9f5d5facd4c9b2c2d6ecd,APPROVED,Not Applicable,2025-02-05T14:20:19.434000Z,2025-02-05T14:22:26.299000Z,2025-02-05T14:53:59.917000Z,2025-02-05T14:22:27.040300Z,127.0,NOCODE,733,33,Female,White,United States,United States,United States,English,No,"Not in paid work (e.g. homemaker', 'retired or disabled)"
67a373fdd0c50942370ac508,5e0bc6961306443d9d728581,APPROVED,Not Applicable,2025-02-05T14:21:56.032000Z,2025-02-05T14:24:08.631000Z,2025-02-05T14:55:47.030000Z,2025-02-05T14:25:27.963851Z,133.0,NOCODE,319,34,Female,White,DATA_EXPIRED,United States,United States,Spanish,No,Full-Time
67a373ffa623e599369d2f3e,66afd222dabb28fe46f67c3e,APPROVED,Not Applicable,2025-02-05T14:21:57.356000Z,2025-02-05T14:26:28.702000Z,2025-02-05T14:55:47.480000Z,2025-02-05T14:26:42.298905Z,272.0,NOCODE,84,30,Male,White,United States,United States,United States,English,DATA_EXPIRED,DATA_EXPIRED
67a37407c91980a93104aa63,6110ddf8f352af9260aa7124,APPROVED,Not Applicable,2025-02-05T14:22:06.500000Z,2025-02-05T14:24:58.665000Z,2025-02-05T14:55:47.871000Z,2025-02-05T14:25:57.388308Z,173.0,NOCODE,462,26,Female,White,United States,United States,United States,English,No,Full-Time
67a37409ec045e1e0db9cad9,6707774c7aaa4bcc8cce3622,APPROVED,Not Applicable,2025-02-05T14:22:07.366000Z,2025-02-05T14:25:00.070000Z,2025-02-05T14:55:48.318000Z,2025-02-05T14:25:58.856335Z,173.0,NOCODE,165,32,Male,White,United States,United States,United States,English,No,Unemployed (and job seeking)
67a3740ecb731d757d0d8dbc,5ab42704ead3eb000151787d,APPROVED,Not Applicable,2025-02-05T14:22:13.705000Z,2025-02-05T14:25:05.659000Z,2025-02-05T14:55:48.803000Z,2025-02-05T14:26:05.104064Z,172.0,NOCODE,858,39,Female,White,United States,United States,United States,English,No,"Not in paid work (e.g. homemaker', 'retired or disabled)"
67a37416a5785c193092dd03,6504910c35d87452e508483d,APPROVED,Not Applicable,2025-02-05T14:22:19.926000Z,2025-02-05T14:24:53.955000Z,2025-02-05T14:55:49.313000Z,2025-02-05T14:25:54.713100Z,155.0,NOCODE,1994,37,Male,Asian,Thailand,United States,United States,English,No,Unemployed (and job seeking)
67a374176dbd621220b48d75,57597452e8feea0006ef8805,APPROVED,Not Applicable,2025-02-05T14:22:25.407000Z,2025-02-05T14:24:59.564000Z,2025-02-05T14:55:49.755000Z,2025-02-05T14:25:58.080834Z,155.0,NOCODE,5082,31,Female,White,United States,United States,United States,English,No,Full-Time
67a37419fffa8ddff856568e,662971dda6c07ecc0a1a243a,APPROVED,Not Applicable,2025-02-05T14:22:28.271000Z,2025-02-05T14:26:22.996000Z,2025-02-05T14:55:50.276000Z,2025-02-05T14:26:40.810660Z,235.0,NOCODE,731,47,Female,White,United States,United States,United States,English,DATA_EXPIRED,DATA_EXPIRED
67a3741dbb8aa8a90a37bb2f,610720be056fb1454ee79c3e,APPROVED,Not Applicable,2025-02-05T14:22:35.935000Z,2025-02-05T14:28:51.939000Z,2025-02-05T14:55:50.818000Z,2025-02-05T14:28:53.600664Z,377.0,NOCODE,259,47,Female,White,United States,United States,United States,English,No,Full-Time
67a37427de2f25f4ef73433d,672cd6ca39a0e18d35eab48d,APPROVED,Not Applicable,2025-02-05T14:22:43.836000Z,2025-02-05T14:24:21.922000Z,2025-02-05T14:55:51.207000Z,2025-02-05T14:25:34.485300Z,99.0,NOCODE,31,19,Female,White,United States,United States,Sweden,English,Yes,Unemployed (and job seeking)
67a3742c505e9aa4347f1b9d,678bf6fd7ba7af6da96f5e31,APPROVED,Not Applicable,2025-02-05T14:22:45.059000Z,2025-02-05T14:25:15.912000Z,2025-02-05T14:55:51.714000Z,2025-02-05T14:26:16.254483Z,151.0,no code provided,53,23,Male,White,United States,United States,United States,English,Yes,Part-Time
67a374413ccc8fed429e10a9,672bf6a8b306f66878d7d5ff,APPROVED,Not Applicable,2025-02-05T14:23:06.479000Z,2025-02-05T14:26:18.668000Z,2025-02-05T14:55:52.138000Z,2025-02-05T14:26:38.974425Z,193.0,NOCODE,342,23,Male,Black,United States,United States,United States,English,No,Full-Time
67a374442e5d6b4a096f1c61,65ca842d3d4d39ebc892bd22,APPROVED,Not Applicable,2025-02-05T14:23:08.245000Z,2025-02-05T14:25:32.377000Z,2025-02-05T14:55:52.583000Z,2025-02-05T14:26:24.337768Z,145.0,NOCODE,208,35,Female,Black,United States,United States,Haiti,English,DATA_EXPIRED,DATA_EXPIRED
67a3745f5ae6c54a84d6ad09,58472149000f1000010ebc53,APPROVED,Not Applicable,2025-02-05T14:23:32.645000Z,2025-02-05T14:32:01.138000Z,2025-02-05T14:55:52.959000Z,2025-02-05T14:32:02.195257Z,509.0,NOCODE,5171,48,Male,White,United States,United States,United States,English,DATA_EXPIRED,DATA_EXPIRED
67a374662d189981cfed3129,66a1bf056ab92a8d48010903,APPROVED,Not Applicable,2025-02-05T14:23:49.736000Z,2025-02-05T14:27:06.049000Z,2025-02-05T14:55:53.461000Z,2025-02-05T14:27:07.020806Z,197.0,NOCODE,470,44,Female,White,United States,United States,United States,English,No,Part-Time
67a374748a7fcbc620468c68,6346ec54d92718e50403c433,APPROVED,Not Applicable,2025-02-05T14:23:54Z,2025-02-05T14:25:21.474000Z,2025-02-05T14:55:53.897000Z,2025-02-05T14:26:17.324903Z,88.0,NOCODE,1341,38,Male,White,United States,United States,United States,English,DATA_EXPIRED,Full-Time
67a37479503f45f6d8f92b09,610a81561cb8c17ebce209b3,APPROVED,Not Applicable,2025-02-05T14:23:58.447000Z,2025-02-05T14:26:22.708000Z,2025-02-05T14:55:54.412000Z,2025-02-05T14:26:39.893651Z,145.0,NOCODE,3918,32,Male,White,United States,United States,United States,English,No,Full-Time
67a374a1523afeb1e2509d74,66fc364b14f9e6673c0298a6,APPROVED,Not Applicable,2025-02-05T14:24:42.132000Z,2025-02-05T14:27:01.181000Z,2025-02-05T14:55:54.880000Z,2025-02-05T14:27:01.902465Z,140.0,NOCODE,254,28,Female,Black,United States,United States,United States,English,No,Unemployed (and job seeking)
67a374a33d99311a811e77ac,661426c6e03c5d3abd69e1db,APPROVED,Not Applicable,2025-02-05T14:24:41.437000Z,2025-02-05T14:26:19.340000Z,2025-02-05T14:55:55.266000Z,2025-02-05T14:26:38.801802Z,98.0,NOCODE,434,41,Male,White,United States,United States,United States,English,DATA_EXPIRED,DATA_EXPIRED
67a374bc2f6ae88583b9cb0a,670fe98d7026b251962d9024,APPROVED,Not Applicable,2025-02-05T14:25:06.650000Z,2025-02-05T14:27:10.214000Z,2025-02-05T14:55:55.697000Z,2025-02-05T14:27:10.985598Z,124.0,NOCODE,457,39,Female,White,United States,United States,United States,English,No,Unemployed (and job seeking)
67a374ef9a0d789f1303e91a,673376b87e1cd06d292047d0,APPROVED,Not Applicable,2025-02-05T14:25:58.914000Z,2025-02-05T14:28:06.682000Z,2025-02-05T14:55:56.132000Z,2025-02-05T14:28:07.494702Z,128.0,NOCODE,220,32,Male,White,United States,United States,United States,English,No,DATA_EXPIRED
67a375143e5a7be103d9abf7,6400df36b874223e35e25247,APPROVED,Not Applicable,2025-02-05T14:26:28.116000Z,2025-02-05T14:28:08.127000Z,2025-02-05T14:55:57.232000Z,2025-02-05T14:28:09.883576Z,101.0,NOCODE,2562,41,Male,White,United States,United States,United States,English,No,DATA_EXPIRED
67a37520e41003a4cba62d1a,664fd49ed9c66a48afed510e,APPROVED,Not Applicable,2025-02-05T14:26:45.522000Z,2025-02-05T14:30:24.555000Z,2025-02-05T14:55:57.699000Z,2025-02-05T14:30:36.847816Z,220.0,NOCODE,300,29,Female,Black,United States,United States,United States,English,Yes,Full-Time
67a3753d7cfd905dd31bc215,671798b7d4db73aba8605dae,APPROVED,Not Applicable,2025-02-05T14:27:15.391000Z,2025-02-05T14:30:06.978000Z,2025-02-05T14:55:58.129000Z,2025-02-05T14:30:26.254974Z,172.0,NOCODE,158,31,Female,White,United States,United States,United States,English,No,Full-Time
67a375662efed6ddd3ed3016,660c183106504d4e02ca7227,RETURNED,Not Applicable,2025-02-05T14:28:05.649000Z,,,2025-02-05T16:03:54.281596Z,,,64,CONSENT_REVOKED,CONSENT_REVOKED,CONSENT_REVOKED,CONSENT_REVOKED,CONSENT_REVOKED,CONSENT_REVOKED,CONSENT_REVOKED,CONSENT_REVOKED,CONSENT_REVOKED
67a3756a3e5a7be103d9ac0e,6724e454fa1fb8a3de14b7bd,APPROVED,Not Applicable,2025-02-05T14:28:11.220000Z,2025-02-05T14:31:00.009000Z,2025-02-05T14:55:58.550000Z,2025-02-05T14:31:01.287381Z,169.0,NOCODE,59,23,Male,Mixed,United States,United States,United States,English,No,Full-Time
67a37577687ee51355916b7d,6702f2952a6d8b5e12af5802,APPROVED,Not Applicable,2025-02-05T14:28:15.740000Z,2025-02-05T14:31:02.031000Z,2025-02-05T14:55:59.034000Z,2025-02-05T14:31:02.584917Z,167.0,NOCODE,527,46,Male,White,United States,United States,United States,English,No,Full-Time
67a37579feb9ebf51ae82bc1,5c2e693a86a578000141ca47,APPROVED,Not Applicable,2025-02-05T14:28:50.375000Z,2025-02-05T14:32:05.251000Z,2025-02-05T14:55:59.461000Z,2025-02-05T14:32:06.100948Z,195.0,NOCODE,452,47,Female,White,United States,United States,United States,English,No,Full-Time
67a37592dcb2147465363949,60fee12d6593528d131f916e,APPROVED,Not Applicable,2025-02-05T14:28:50.846000Z,2025-02-05T14:31:31.668000Z,2025-02-05T14:55:59.958000Z,2025-02-05T14:31:32.572000Z,161.0,NOCODE,162,27,Female,White,United States,United States,United States,English,Yes,Full-Time
67a375998a5e070050cdb03a,63fa3bd12acc0f7d824fafd1,APPROVED,Not Applicable,2025-02-05T14:29:01.702000Z,2025-02-05T14:31:30.780000Z,2025-02-05T14:56:00.437000Z,2025-02-05T14:31:39.582511Z,150.0,NOCODE,1041,34,Male,White,United States,United States,United States,English,DATA_EXPIRED,DATA_EXPIRED
67a375a20f214ebb4316376c,5e52a52318e10a2ad4462262,APPROVED,Not Applicable,2025-02-05T14:29:14.366000Z,2025-02-05T14:31:25.118000Z,2025-02-05T14:56:00.903000Z,2025-02-05T14:31:25.827628Z,131.0,NOCODE,1786,39,Female,Mixed,United States,United States,United States,English,Yes,Part-Time
67a3761947b99bdd629debf7,6703f0be12aa453f3959abd4,APPROVED,Not Applicable,2025-02-05T14:31:10.839000Z,2025-02-05T14:34:56.060000Z,2025-02-05T14:56:01.342000Z,2025-02-05T14:34:57.393185Z,226.0,NOCODE,89,49,Female,White,United States,United States,United States,English,No,Full-Time
67a37624faace480204ff997,6742e491f00d7e803911ca4a,APPROVED,Not Applicable,2025-02-05T14:31:00.342000Z,2025-02-05T14:35:04.063000Z,2025-02-05T14:56:01.841000Z,2025-02-05T14:35:05.046531Z,244.0,NOCODE,32,21,Female,DATA_EXPIRED,United States,United States,United States,DATA_EXPIRED,DATA_EXPIRED,DATA_EXPIRED
67a37663d3d115009057c2ff,601cbb3526aa517be4a924ce,APPROVED,Not Applicable,2025-02-05T14:32:15.524000Z,2025-02-05T14:36:01.457000Z,2025-02-05T14:56:02.461000Z,2025-02-05T14:36:03.160451Z,226.0,NOCODE,5061,57,Female,White,United States,United States,United States,English,No,Full-Time
67a3767eca094734c8cab4a2,639a377ae81184e896e1daaf,APPROVED,Not Applicable,2025-02-05T14:32:36.170000Z,2025-02-05T14:34:24.177000Z,2025-02-05T14:56:02.978000Z,2025-02-05T14:34:26.003780Z,109.0,NOCODE,2386,52,Female,Black,United States,United States,United States,English,No,Full-Time
67a37686098ed5b47d2493ef,5eda86226763346ac679ca5f,APPROVED,Not Applicable,2025-02-05T14:32:51.201000Z,2025-02-05T14:37:51.433000Z,2025-02-05T14:56:03.512000Z,2025-02-05T14:37:55.782936Z,301.0,NOCODE,3801,34,Male,White,United States,United States,United States,English,No,DATA_EXPIRED
67a37687b88864a492a2ed04,65e45ae4948a569d84ef3599,APPROVED,Not Applicable,2025-02-05T14:32:44.502000Z,2025-02-05T14:36:55.137000Z,2025-02-05T14:56:03.994000Z,2025-02-05T14:37:00.287704Z,251.0,NOCODE,537,62,Female,White,United States,United States,United States,English,No,Full-Time
67a3769b4ba9e7be9748f04f,66204461946090aabd3e6f0f,APPROVED,Not Applicable,2025-02-05T14:39:50.124000Z,2025-02-05T14:44:22.322000Z,2025-02-05T14:56:04.570000Z,2025-02-05T14:44:23.027875Z,273.0,NOCODE,180,58,Male,White,Ireland,United States,United States,English,No,DATA_EXPIRED
67a376a0cc21f485c0cad143,66bba307f316e9d93bdd0039,APPROVED,Not Applicable,2025-02-05T14:33:10.938000Z,2025-02-05T14:36:22.216000Z,2025-02-05T14:56:05.002000Z,2025-02-05T14:36:24.572687Z,192.0,NOCODE,52,44,Male,White,United States,United States,United States,English,No,"Not in paid work (e.g. homemaker', 'retired or disabled)"
67a376a5ca517baa482c99af,5e72318254cb2015a07ef417,APPROVED,Not Applicable,2025-02-05T14:33:14.260000Z,2025-02-05T14:37:38.078000Z,2025-02-05T14:56:05.429000Z,2025-02-05T14:37:41.714841Z,264.0,NOCODE,388,35,Female,White,United States,United States,United States,English,No,"Not in paid work (e.g. homemaker', 'retired or disabled)"
67a376af5259c72d6bb7d926,652d461fa15fc7cb72f28e82,APPROVED,Not Applicable,2025-02-05T14:33:26.960000Z,2025-02-05T14:35:06.465000Z,2025-02-05T14:56:05.801000Z,2025-02-05T14:35:07.767812Z,100.0,NOCODE,2057,53,Female,Black,United States,United States,United States,English,No,Full-Time
67a376b4de23d6ea4baef4a1,663dadf89756c9fe270a5f5f,APPROVED,Not Applicable,2025-02-05T14:34:52.785000Z,2025-02-05T14:39:09.924000Z,2025-02-05T14:56:06.403000Z,2025-02-05T14:39:10.526473Z,258.0,NOCODE,682,37,Male,White,United States,United States,United States,English,DATA_EXPIRED,DATA_EXPIRED
67a376c1bcb81abac7d3947c,660dff93ef11b23566dd4af9,APPROVED,Not Applicable,2025-02-05T14:33:42.721000Z,2025-02-05T14:35:33.032000Z,2025-02-05T14:56:06.870000Z,2025-02-05T14:35:35.228225Z,111.0,NOCODE,726,45,Male,White,United States,United States,United States,English,Yes,Full-Time
67a376cd503e0c5a2aa9a3c0,558ab509fdf99b65685f024e,APPROVED,Not Applicable,2025-02-05T14:33:52.980000Z,2025-02-05T14:36:20.256000Z,2025-02-05T14:56:07.311000Z,2025-02-05T14:36:23.196916Z,148.0,NOCODE,5235,39,Male,White,United States,United States,United States,English,No,Full-Time
67a376cff8a678dc9ee19750,616b8139551b94321313af3e,APPROVED,Not Applicable,2025-02-05T14:34:00.216000Z,2025-02-05T14:39:58.193000Z,2025-02-05T14:56:07.724000Z,2025-02-05T14:40:07.479075Z,358.0,NOCODE,2104,50,Female,Mixed,United States,United States,United States,English,No,"Not in paid work (e.g. homemaker', 'retired or disabled)"
67a376d19ca1537290ff3ceb,65ddb419cd6dd91fdbe6dbdc,APPROVED,Not Applicable,2025-02-05T14:34:51.060000Z,2025-02-05T14:37:21.874000Z,2025-02-05T14:56:08.134000Z,2025-02-05T14:37:28.768614Z,151.0,NOCODE,372,19,Female,White,United States,United States,United States,English,No,Unemployed (and job seeking)
67a376d4da76d8ce1b2b97b0,62e9af0ad2d5938d280419ad,RETURNED,Not Applicable,2025-02-05T14:34:10.877000Z,,,2025-02-05T16:03:54.286029Z,,,3293,CONSENT_REVOKED,CONSENT_REVOKED,CONSENT_REVOKED,CONSENT_REVOKED,CONSENT_REVOKED,CONSENT_REVOKED,CONSENT_REVOKED,CONSENT_REVOKED,CONSENT_REVOKED
67a376d6ff3437fd90641225,5f4d6d213ff046a3ecd1b314,APPROVED,Not Applicable,2025-02-05T14:34:10.486000Z,2025-02-05T14:35:52.445000Z,2025-02-05T14:56:08.539000Z,2025-02-05T14:35:53.503661Z,102.0,NOCODE,22,30,Female,White,United States,United States,United States,English,No,Full-Time
67a376dd59e0be97e69fcbc5,66d91bd68f2ca7df0a6253bd,APPROVED,Not Applicable,2025-02-05T14:34:09.455000Z,2025-02-05T14:38:22.872000Z,2025-02-05T14:56:08.948000Z,2025-02-05T14:38:24.621296Z,254.0,NOCODE,335,55,Female,White,United States,United States,United States,English,No,Part-Time
67a376eda6f81cf0d88bb355,5cefdd3d782f0a000169ec4b,APPROVED,Not Applicable,2025-02-05T14:34:28.202000Z,2025-02-05T14:36:39.970000Z,2025-02-05T14:56:09.438000Z,2025-02-05T14:36:45.107605Z,132.0,NOCODE,1282,35,Male,White,United States,United States,United States,English,Yes,Full-Time
67a376fc39fa8723fd1ac8c4,6750df723833963df79c711f,APPROVED,Not Applicable,2025-02-05T14:34:40.782000Z,2025-02-05T14:36:41.395000Z,2025-02-05T14:56:10.025000Z,2025-02-05T14:36:46.703597Z,121.0,NOCODE,78,25,Male,Mixed,United States,United States,United States,English,Yes,Full-Time
67a376fd19a499c694d61376,63d13e8a790d868737b2e3c7,TIMED-OUT,Not Applicable,2025-02-05T14:36:35.358000Z,,,2025-02-05T16:03:54.301724Z,5240.0,,3014,36,Female,White,United States,United States,United States,English,DATA_EXPIRED,DATA_EXPIRED
67a377111ba6953abff39e0c,6315dbda57439d794f865dbd,APPROVED,Not Applicable,2025-02-05T14:35:02.517000Z,2025-02-05T14:38:46.230000Z,2025-02-05T14:56:10.504000Z,2025-02-05T14:38:48.829670Z,224.0,https://wpi.qualtrics.com/jfe/form/SV_6EddYPn1Tpg5Tng?PROLIFIC_PID=6315dbda57439d794f865dbd&amp;STUDY_ID=67991e87014d2fff2d5dc8a3&amp;SESSION_ID=67a377111ba6953abff39e0c,3332,53,Male,White,United States,United States,Ireland,English,No,Full-Time
67a377148103ed1eaacf4457,673b1c300a415ab6d503a61d,APPROVED,Not Applicable,2025-02-05T14:35:17.068000Z,2025-02-05T14:39:50.888000Z,2025-02-05T14:56:11.548000Z,2025-02-05T14:39:59.157970Z,274.0,NOCODE,3,37,Female,Black,United States,United States,United States,English,No,Full-Time
67a37716fd6ecea2e5361fa6,5dd01213f83c9f102a98ce84,APPROVED,Not Applicable,2025-02-05T14:35:07.784000Z,2025-02-05T14:36:56.195000Z,2025-02-05T14:56:12.119000Z,2025-02-05T14:37:01.721465Z,109.0,NOCODE,1559,29,Male,White,United States,United States,United States,English,No,DATA_EXPIRED
67a3771e3baac9f499e54e35,6658eac7e945182d30fa04d2,APPROVED,Not Applicable,2025-02-05T14:43:39.477000Z,2025-02-05T14:53:12.877000Z,2025-02-05T14:56:12.576000Z,2025-02-05T14:53:22.480833Z,574.0,CZ57F31I,229,57,Male,Black,United States,United States,United States,English,Yes,DATA_EXPIRED
67a3772c7fb493c8bf2c4b26,5fb34173d12d60a7e5cdd8b6,APPROVED,Not Applicable,2025-02-05T14:35:31.871000Z,2025-02-05T14:39:29.895000Z,2025-02-05T14:56:12.941000Z,2025-02-05T14:39:30.512466Z,239.0,NOCODE,222,30,Male,White,United States,United States,United States,English,No,Full-Time
67a37739cda99ab3acd34f25,66464354449c2d4c2de11537,APPROVED,Not Applicable,2025-02-05T14:35:43.621000Z,2025-02-05T14:38:10.879000Z,2025-02-05T14:56:13.348000Z,2025-02-05T14:38:13.676988Z,148.0,NOCODE,615,29,Prefer not to say,Mixed,United States,United States,United States,English,No,Full-Time
67a37742e67be398a3ffdb7f,673222bc257602ee1b4a6141,APPROVED,Not Applicable,2025-02-05T14:35:51.310000Z,2025-02-05T14:37:40.461000Z,2025-02-05T14:56:13.899000Z,2025-02-05T14:37:44.375119Z,110.0,NOCODE,17,23,Female,White,United States,United States,United States,English,Yes,Full-Time
67a37744827c719b29eb63da,6606d2a8aa263f6788685cd2,APPROVED,Not Applicable,2025-02-05T14:35:54.488000Z,2025-02-05T14:37:58.135000Z,2025-02-05T14:56:14.428000Z,2025-02-05T14:38:01.699814Z,124.0,NOCODE,701,37,Male,Asian,United States,United States,United States,English,No,Full-Time
67a37752aee4a8e1f1920fa6,669a55234d1355f2702a662d,APPROVED,Not Applicable,2025-02-05T14:40:04.691000Z,2025-02-05T14:46:04.462000Z,2025-02-05T14:56:14.974000Z,2025-02-05T14:46:05.031481Z,360.0,NOCODE,728,48,Female,White,United States,United States,United States,English,DATA_EXPIRED,DATA_EXPIRED
67a37757e67be398a3ffdb84,6747c1a6d5caf733620971b4,APPROVED,Not Applicable,2025-02-05T14:36:14.850000Z,2025-02-05T14:38:33.622000Z,2025-02-05T14:56:15.395000Z,2025-02-05T14:38:36.132745Z,139.0,NOCODE,96,49,Female,White,United States,United States,United States,English,No,Full-Time
67a37767b0b1a8ae54f70ca7,5e552a5e45774651f60e62b3,APPROVED,Not Applicable,2025-02-05T14:36:28.947000Z,2025-02-05T14:39:39.647000Z,2025-02-05T14:56:15.831000Z,2025-02-05T14:39:40.361745Z,191.0,NOCODE,3558,27,Female,White,United States,United States,United States,English,No,Full-Time
67a3777508085e017273984c,5c3d49f6486a390001e87d8e,APPROVED,Not Applicable,2025-02-05T14:36:43.125000Z,2025-02-05T14:38:25.615000Z,2025-02-05T14:56:16.299000Z,2025-02-05T14:38:27.421973Z,103.0,NOCODE,3874,29,Female,White,United States,United States,United States,English,No,Full-Time
67a3777a7b1cc34489fce44f,5f43f77111f9d6135624012a,APPROVED,Not Applicable,2025-02-05T14:36:48.600000Z,2025-02-05T14:38:49.731000Z,2025-02-05T14:56:16.720000Z,2025-02-05T14:38:52.169097Z,122.0,NOCODE,632,34,Male,Other,United States,United States,United States,English,No,DATA_EXPIRED
67a37782b0b23180c16f7b9f,6744ff1dc9f374a840629259,APPROVED,Not Applicable,2025-02-05T14:36:55.140000Z,2025-02-05T14:40:01.132000Z,2025-02-05T14:56:17.256000Z,2025-02-05T14:40:23.323354Z,186.0,NOCODE,265,33,Female,White,United States,United States,United States,English,Yes,"Not in paid work (e.g. homemaker', 'retired or disabled)"
67a3778c8c828744b5b1c91c,5a69f41df10cdb0001b10329,APPROVED,Not Applicable,2025-02-05T14:37:07.173000Z,2025-02-05T14:40:05.239000Z,2025-02-05T14:56:17.672000Z,2025-02-05T14:40:26.925104Z,179.0,NOCODE,1080,37,Male,White,United States,United States,Portugal,English,No,DATA_EXPIRED
67a3778e0f214ebb431637be,66cde3fb375636edaf24cb8e,APPROVED,Not Applicable,2025-02-05T14:37:06.665000Z,2025-02-05T14:40:04.738000Z,2025-02-05T14:56:18.075000Z,2025-02-05T14:40:26.764777Z,179.0,NOCODE,58,19,Female,Mixed,United States,United States,United States,English,Yes,DATA_EXPIRED
67a3779c503e0c5a2aa9a3e3,67869086d59732cedb3c1305,APPROVED,Not Applicable,2025-02-05T14:37:24.363000Z,2025-02-05T14:39:55.366000Z,2025-02-05T14:56:18.507000Z,2025-02-05T14:40:00.283846Z,152.0,NOCODE,57,18,Female,White,United States,United States,United States,English,Yes,Unemployed (and job seeking)
67a377b3b46fc674c19818fd,668c3d366a81311ad96a480b,APPROVED,Not Applicable,2025-02-05T14:37:45.484000Z,2025-02-05T14:39:19.768000Z,2025-02-05T14:56:18.966000Z,2025-02-05T14:39:20.543276Z,95.0,NOCODE,377,23,Female,Black,United States,United States,United States,English,Yes,Part-Time
67a377bfb35d63805be8ac33,58d552e09dbe3f00012591f2,APPROVED,Not Applicable,2025-02-05T14:37:57.612000Z,2025-02-05T14:40:34.272000Z,2025-02-05T14:56:19.393000Z,2025-02-05T14:40:39.341403Z,157.0,NOCODE,4396,48,Female,White,United States,United States,United States,English,No,Full-Time
67a377d1a442bbd839a77b41,53987712fdf99b68e3a45021,APPROVED,Not Applicable,2025-02-05T14:38:13.516000Z,2025-02-05T14:39:53.223000Z,2025-02-05T14:56:19.796000Z,2025-02-05T14:39:57.598191Z,100.0,NOCODE,9146,31,Female,Asian,Korea,United States,United States,English,DATA_EXPIRED,DATA_EXPIRED
67a377e9d084735489637c46,5d5434e959f4b1001a6866e7,APPROVED,Not Applicable,2025-02-05T14:38:38.795000Z,2025-02-05T14:40:50.783000Z,2025-02-05T14:56:20.148000Z,2025-02-05T14:40:54.175284Z,132.0,NOCODE,2356,44,Female,White,United States,United States,United States,English,DATA_EXPIRED,DATA_EXPIRED
67a377ed29a172d6cda0e3a9,5ebc2f9afa522403c209cf46,APPROVED,Not Applicable,2025-02-05T14:38:42.861000Z,2025-02-05T14:40:26.401000Z,2025-02-05T14:56:21.117000Z,2025-02-05T14:40:37.279991Z,104.0,NOCODE,485,30,Male,White,United States,United States,United States,English,No,DATA_EXPIRED
67a37827916c4ea6726f7bb6,5e52aa0d9803c32c08278c35,APPROVED,Not Applicable,2025-02-05T14:40:39.626000Z,2025-02-05T14:43:00.082000Z,2025-02-05T14:56:21.454000Z,2025-02-05T14:43:00.792519Z,141.0,NOCODE,237,37,Female,White,United States,United States,United States,English,No,Full-Time
67a3782c039128ce9e07bc9b,6788394b8e13dafbe00b7c09,APPROVED,Not Applicable,2025-02-05T14:39:54.939000Z,2025-02-05T14:44:58.803000Z,2025-02-05T14:56:21.808000Z,2025-02-05T14:44:59.527660Z,304.0,NOCODE,34,46,Female,White,United States,United States,United States,English,No,Part-Time
67a378385a777863e687b8d1,56435b83942576000a66eb5d,APPROVED,Not Applicable,2025-02-05T14:40:38.350000Z,2025-02-05T14:43:06.376000Z,2025-02-05T14:56:22.193000Z,2025-02-05T14:43:07.080003Z,149.0,NOCODE,6464,46,Male,White,United States,United States,United States,English,No,Full-Time
67a3783db3e4c40a74e2e2a4,65cb6fdbf0ca3606c22b9eb7,APPROVED,Not Applicable,2025-02-05T14:40:05.766000Z,2025-02-05T14:41:58.034000Z,2025-02-05T14:56:22.600000Z,2025-02-05T14:41:59.166229Z,113.0,NOCODE,1798,25,Female,Asian,United States,United States,United States,English,DATA_EXPIRED,DATA_EXPIRED
67a3783f827c719b29eb6406,67717fb2ee6a1a1992443899,APPROVED,Not Applicable,2025-02-05T14:40:06.035000Z,2025-02-05T14:43:26.263000Z,2025-02-05T14:56:22.987000Z,2025-02-05T14:43:27.164126Z,201.0,NOCODE,41,74,Female,White,United States,United States,United States,English,No,Other
67a3784bab5f466f5ad31503,6503119f7522c9e4baeb3eca,APPROVED,Not Applicable,2025-02-05T14:40:43.804000Z,2025-02-05T14:42:25.843000Z,2025-02-05T14:56:23.392000Z,2025-02-05T14:42:26.492456Z,103.0,NOCODE,832,42,Female,White,United States,United States,United States,English,No,"Not in paid work (e.g. homemaker', 'retired or disabled)"
67a3784e84e47df6003d9d25,604dff87be5115f1266d3963,APPROVED,Not Applicable,2025-02-05T14:40:22.229000Z,2025-02-05T14:42:52.117000Z,2025-02-05T14:56:23.773000Z,2025-02-05T14:42:52.856197Z,150.0,NOCODE,3865,62,Male,White,United States,United States,United States,English,No,"Not in paid work (e.g. homemaker', 'retired or disabled)"
67a3785b4e125d43bf47676e,6721f3c2c71075a5620e7ee1,APPROVED,Not Applicable,2025-02-05T14:40:37.207000Z,2025-02-05T14:46:46.148000Z,2025-02-05T14:56:24.088000Z,2025-02-05T14:46:46.814948Z,369.0,NOCODE,198,47,Male,White,United States,United States,United States,English,No,Other
67a378600543d181d399ee73,668ef6d58990b3bda30ef491,APPROVED,Not Applicable,2025-02-05T14:40:41.712000Z,2025-02-05T14:44:25.673000Z,2025-02-05T14:56:24.452000Z,2025-02-05T14:44:26.339499Z,224.0,NOCODE,137,49,Female,Mixed,United States,United States,United States,English,No,Other
67a378641c69b72c7561325d,663e3ff81f442e7ad943a761,APPROVED,Not Applicable,2025-02-05T14:40:56.682000Z,2025-02-05T14:44:12.175000Z,2025-02-05T14:56:24.736000Z,2025-02-05T14:44:13.003835Z,196.0,NOCODE,521,32,Female,White,United States,United States,United States,English,No,Full-Time
67a3787120f8aca2f83ab30a,664814e4e5fc3e366657517f,APPROVED,Not Applicable,2025-02-05T14:41:07.686000Z,2025-02-05T14:50:22.326000Z,2025-02-05T14:56:25.058000Z,2025-02-05T14:50:22.970714Z,555.0,NOCODE,812,39,Female,White,United States,United States,United States,English,DATA_EXPIRED,Full-Time
67a3787b3a22abe39a41306c,661a0ca66cf132f3be56080d,APPROVED,Not Applicable,2025-02-05T14:41:14.383000Z,2025-02-05T14:49:49.168000Z,2025-02-05T14:56:25.358000Z,2025-02-05T14:49:49.891725Z,515.0,NOCODE,769,33,Female,White,United States,United States,United States,English,No,Part-Time
67a3788dba0af4a57b2971b5,55d1955dcc2b1800102be8e3,APPROVED,Not Applicable,2025-02-05T14:41:38.552000Z,2025-02-05T14:44:32.608000Z,2025-02-05T14:56:29.211000Z,2025-02-05T14:44:33.409557Z,175.0,NOCODE,3292,53,Male,White,United States,United States,United States,English,DATA_EXPIRED,Full-Time
67a3788f35491952366d02ec,6612b3449105fbfa6c67d9c1,APPROVED,Not Applicable,2025-02-05T14:41:26.175000Z,2025-02-05T14:43:30.217000Z,2025-02-05T14:56:29.683000Z,2025-02-05T14:43:31.022129Z,125.0,NOCODE,1092,54,Female,Mixed,United States,United States,United States,English,No,Full-Time
67a378971de7851a1c1eaece,611d9a96cb8247c0a431843b,APPROVED,Not Applicable,2025-02-05T14:41:34.901000Z,2025-02-05T14:48:33.131000Z,2025-02-05T14:56:30.055000Z,2025-02-05T14:48:33.854695Z,419.0,NOCODE,1467,29,Female,White,United States,United States,United States,English,DATA_EXPIRED,DATA_EXPIRED
67a378aad9670f0f715eadd3,5e59feea5bb31220840c12c6,APPROVED,Not Applicable,2025-02-05T14:42:05.696000Z,2025-02-05T14:45:55.508000Z,2025-02-05T14:56:30.352000Z,2025-02-05T14:45:56.137867Z,230.0,NOCODE,2469,28,Male,White,United States,United States,United States,English,No,Full-Time
67a378c6aea70cd0599bde1f,655f8f04860e2c0fe8291155,APPROVED,Not Applicable,2025-02-05T14:43:07.894000Z,2025-02-05T14:44:35.445000Z,2025-02-05T14:56:30.693000Z,2025-02-05T14:44:36.123478Z,88.0,NOCODE,1602,23,Female,Asian,United States,United States,United States,English,Yes,Full-Time
67a378df642f6237480e632a,655fcd4fead3b1448f527be3,RETURNED,Not Applicable,2025-02-05T14:53:00.063000Z,,,2025-02-05T16:03:54.305495Z,,,89,CONSENT_REVOKED,CONSENT_REVOKED,CONSENT_REVOKED,CONSENT_REVOKED,CONSENT_REVOKED,CONSENT_REVOKED,CONSENT_REVOKED,CONSENT_REVOKED,CONSENT_REVOKED
67a378f83e8394fe26eaa592,670d287b71a8a3b34dfb6f2e,APPROVED,Not Applicable,2025-02-05T14:44:01.729000Z,2025-02-05T14:46:11.211000Z,2025-02-05T14:56:31.038000Z,2025-02-05T14:46:11.952860Z,130.0,NOCODE,201,30,Male,Asian,United States,United States,United States,English,No,Full-Time
67a378fdf5bb52a7ec816f20,6759952d860b4c0446698f2c,APPROVED,Not Applicable,2025-02-05T14:43:16.355000Z,2025-02-05T14:46:07.663000Z,2025-02-05T14:56:31.404000Z,2025-02-05T14:46:08.627696Z,172.0,C10N8SAC,2,45,Female,White,United States,United States,United States,English,DATA_EXPIRED,DATA_EXPIRED
67a37901c45ae9abd228f691,5d4bed118cbe900016c1f6d0,APPROVED,Not Applicable,2025-02-05T14:43:28.063000Z,2025-02-05T14:46:26.216000Z,2025-02-05T14:56:31.982000Z,2025-02-05T14:46:26.825061Z,179.0,NOCODE,3055,33,Male,White,United States,United States,United States,English,DATA_EXPIRED,DATA_EXPIRED
67a3790261ecac09847f199c,57ac740478a38d00017cce22,APPROVED,Not Applicable,2025-02-05T14:47:19.552000Z,2025-02-05T14:52:57.210000Z,2025-02-05T14:56:32.271000Z,2025-02-05T14:53:03.073668Z,338.0,NOCODE,7101,64,Female,White,United States,United States,United States,English,No,DATA_EXPIRED
67a3790b73ad09c992d0ec4e,5ef4d71e2e4e740edef0340a,APPROVED,Not Applicable,2025-02-05T14:43:28.896000Z,2025-02-05T14:45:57.094000Z,2025-02-05T14:56:32.590000Z,2025-02-05T14:45:57.948632Z,149.0,NOCODE,4120,36,Male,White,United States,United States,United States,English,Yes,Full-Time
67a3791438ff63215e2c13f0,615c9083ffc1ce3be0325609,APPROVED,Not Applicable,2025-02-05T14:43:45.091000Z,2025-02-05T14:47:25.006000Z,2025-02-05T14:56:32.930000Z,2025-02-05T14:47:25.675678Z,220.0,NOCODE,2315,37,Male,Other,United States,United States,United States,Spanish,No,DATA_EXPIRED
67a379182555b931419bc955,5e06389719232d022f392c9a,APPROVED,Not Applicable,2025-02-05T14:43:41.123000Z,2025-02-05T14:45:28.540000Z,2025-02-05T14:56:33.259000Z,2025-02-05T14:45:30.073394Z,108.0,NOCODE,4533,59,Male,White,United States,United States,United States,English,DATA_EXPIRED,DATA_EXPIRED
67a3791cf499289c7b92737d,63d3f9666978779139a949bb,APPROVED,Not Applicable,2025-02-05T14:43:44.257000Z,2025-02-05T14:46:00.006000Z,2025-02-05T14:56:33.591000Z,2025-02-05T14:46:00.789214Z,136.0,NOCODE,2697,32,Male,White,United States,United States,United States,English,No,Full-Time
67a3792cf2fab43cd30fb31f,665911664c1d2a4e2d02f666,APPROVED,Not Applicable,2025-02-05T14:44:04.523000Z,2025-02-05T14:46:50.669000Z,2025-02-05T14:56:33.893000Z,2025-02-05T14:46:51.446221Z,167.0,NOCODE,1058,51,Female,White,United States,United States,United States,English,No,"Not in paid work (e.g. homemaker', 'retired or disabled)"
67a379311656edf15ad0fc7f,66bc0313dfca5c52aaf38d77,RETURNED,Not Applicable,2025-02-05T14:44:10.444000Z,,,2025-02-05T16:03:54.330611Z,,,543,CONSENT_REVOKED,CONSENT_REVOKED,CONSENT_REVOKED,CONSENT_REVOKED,CONSENT_REVOKED,CONSENT_REVOKED,CONSENT_REVOKED,CONSENT_REVOKED,CONSENT_REVOKED
67a37936799e04741aeaba5e,5e8a1827052175000938eb91,APPROVED,Not Applicable,2025-02-05T14:44:52.013000Z,2025-02-05T14:46:29.103000Z,2025-02-05T14:56:34.238000Z,2025-02-05T14:46:31.187433Z,98.0,NOCODE,5786,26,Male,White,United States,United States,United States,English,DATA_EXPIRED,DATA_EXPIRED
67a3793a65da678c9375b849,5af493961b55800001f494c6,APPROVED,Not Applicable,2025-02-05T14:44:15.470000Z,2025-02-05T14:46:05.853000Z,2025-02-05T14:56:34.559000Z,2025-02-05T14:46:06.805225Z,111.0,NOCODE,2414,41,Male,Asian,United States,United States,United States,Burmese,No,Full-Time
67a3793d034cb18f7a70bd49,55aa9c8dfdf99b634b427b9a,APPROVED,Not Applicable,2025-02-05T14:44:17.229000Z,2025-02-05T14:45:48.208000Z,2025-02-05T14:56:34.859000Z,2025-02-05T14:45:50.400253Z,91.0,NOCODE,403,40,Female,White,United States,United States,United States,English,No,Full-Time
67a37940bfe6a098c085b64d,668b1c9cf1eaae48f75e24ca,APPROVED,Not Applicable,2025-02-05T14:44:25.042000Z,2025-02-05T14:46:40.651000Z,2025-02-05T14:56:35.214000Z,2025-02-05T14:46:41.395192Z,136.0,NOCODE,492,36,Male,Mixed,United States,United States,United States,English,No,Full-Time
67a3794cf571c6c7788a0b24,5e349833001ff8468fda08c6,APPROVED,Not Applicable,2025-02-05T14:44:35.157000Z,2025-02-05T14:46:57.731000Z,2025-02-05T14:56:35.554000Z,2025-02-05T14:46:58.917661Z,143.0,NOCODE,2934,34,Male,White,United States,United States,United States,English,DATA_EXPIRED,DATA_EXPIRED
67a3795950001cabfddfa6a0,66b41679b48873793fd2993a,APPROVED,Not Applicable,2025-02-05T14:44:45.687000Z,2025-02-05T14:46:54.470000Z,2025-02-05T14:56:35.930000Z,2025-02-05T14:46:55.056072Z,129.0,NOCODE,410,30,Female,Mixed,United States,United States,United States,English,No,Full-Time
67a3795c62d4d1d7b793c718,675f73860fab65e2e1f24d32,APPROVED,Not Applicable,2025-02-05T14:44:51.788000Z,2025-02-05T14:49:46.905000Z,2025-02-05T14:56:36.382000Z,2025-02-05T14:49:47.640441Z,296.0,NOCODE,24,37,Male,White,United States,United States,United States,English,No,DATA_EXPIRED
67a3795e7557c5804ed1fe1e,65ea0eccf8677048425a4d2c,APPROVED,Not Applicable,2025-02-05T14:44:53.723000Z,2025-02-05T14:48:23.235000Z,2025-02-05T14:56:36.717000Z,2025-02-05T14:48:24.065016Z,210.0,NOCODE,1149,54,Female,White,United States,United States,United States,English,DATA_EXPIRED,DATA_EXPIRED
67a3795f79dd637aa60cd0a2,6722e0e44cc7a06f022946db,APPROVED,Not Applicable,2025-02-05T14:44:54.990000Z,2025-02-05T14:47:47.066000Z,2025-02-05T14:56:37.073000Z,2025-02-05T14:47:47.799424Z,173.0,NOCODE,181,18,Male,White,United States,United States,United States,English,Yes,Part-Time
67a3796b92287bc34f69e8c6,64412c367c6a0144acd0785c,APPROVED,Not Applicable,2025-02-05T14:47:34.977000Z,2025-02-05T14:49:39.967000Z,2025-02-05T14:56:37.437000Z,2025-02-05T14:49:40.712535Z,125.0,NOCODE,2888,30,Female,White,United States,United States,United States,English,No,Full-Time
67a37977e3a3f08507cd281f,652014a6230cfe011fd5ec48,APPROVED,Not Applicable,2025-02-05T14:45:17.563000Z,2025-02-05T14:47:58.089000Z,2025-02-05T14:56:37.783000Z,2025-02-05T14:47:58.897498Z,161.0,NOCODE,1030,38,Female,White,United States,United States,United States,English,No,Part-Time
67a3797bcdc2586eb39bc970,67636b2c70b7b5cee9a8357d,RETURNED,Not Applicable,2025-02-05T14:55:15.518000Z,,,2025-02-05T16:03:54.400781Z,,,78,CONSENT_REVOKED,CONSENT_REVOKED,CONSENT_REVOKED,CONSENT_REVOKED,CONSENT_REVOKED,CONSENT_REVOKED,CONSENT_REVOKED,CONSENT_REVOKED,CONSENT_REVOKED
67a379800960ca64cf2928ce,5b8c12882cb1e4000133137e,APPROVED,Not Applicable,2025-02-05T14:45:24.501000Z,2025-02-05T14:51:59.178000Z,2025-02-05T14:56:38.141000Z,2025-02-05T14:51:59.903563Z,395.0,NOCODE,1694,38,Female,White,United States,United States,United States,English,No,Full-Time
67a37980540bdc5379deab51,666f9b23519a8d810a4c5b8a,APPROVED,Not Applicable,2025-02-05T14:46:08.041000Z,2025-02-05T15:03:39.881000Z,2025-02-05T15:04:07.526000Z,2025-02-05T15:04:12.456263Z,1052.0,NOCODE,883,24,Male,White,United States,United States,United States,English,DATA_EXPIRED,DATA_EXPIRED
67a379a1cec56001b97f6082,5962ceff8474920001bd266e,APPROVED,Not Applicable,2025-02-05T14:46:01.741000Z,2025-02-05T14:49:52.550000Z,2025-02-05T14:56:38.753000Z,2025-02-05T14:49:53.277354Z,231.0,NOCODE,3755,33,Male,White,United States,United States,United States,English,DATA_EXPIRED,DATA_EXPIRED
67a379abaa33b639d32bc6de,5ddd7db419eecbce5c2dbc6f,APPROVED,Not Applicable,2025-02-05T14:46:07.724000Z,2025-02-05T14:49:19.400000Z,2025-02-05T14:56:40.161000Z,2025-02-05T14:49:20.059456Z,192.0,NOCODE,3478,36,Female,Black,United States,United States,United States,English,DATA_EXPIRED,DATA_EXPIRED
67a379b9f09e0598fbe4fe9b,67701ed07351c4b6a2e45b0e,APPROVED,Not Applicable,2025-02-05T14:46:22.955000Z,2025-02-05T14:48:23.999000Z,2025-02-05T14:56:40.538000Z,2025-02-05T14:48:24.682329Z,122.0,NOCODE,99,68,Male,White,United States,United States,United States,English,No,Full-Time
67a379c0bf01ef121f5fbfa4,58afb786f97de10001d131a1,APPROVED,Not Applicable,2025-02-05T14:46:31.577000Z,2025-02-05T14:49:19.631000Z,2025-02-05T14:56:40.965000Z,2025-02-05T14:49:20.360395Z,169.0,NOCODE,3570,34,Female,White,United States,United States,United States,English,DATA_EXPIRED,DATA_EXPIRED
67a379ca66862fa4673b6221,615b01ee4cd1755b6144e0a4,TIMED-OUT,Not Applicable,2025-02-05T14:46:39.283000Z,,,2025-02-05T16:03:54.517441Z,4636.0,,891,25,Female,White,United States,United States,United States,English,DATA_EXPIRED,DATA_EXPIRED
67a379cc51e9e639a9da19b3,5e6af995a2b73d0bf367a519,APPROVED,Not Applicable,2025-02-05T14:46:44.007000Z,2025-02-05T14:48:22.087000Z,2025-02-05T14:56:41.278000Z,2025-02-05T14:48:22.839259Z,99.0,NOCODE,463,22,Male,White,United States,United States,United States,English,No,Full-Time
67a379dc73b381bf85645b0c,5f20958e8fd66c3a46f2a8ed,APPROVED,Not Applicable,2025-02-05T14:46:59.574000Z,2025-02-05T14:50:13.314000Z,2025-02-05T14:56:41.593000Z,2025-02-05T14:50:14.129317Z,194.0,NOCODE,1812,24,Female,Black,United States,United States,United States,English,DATA_EXPIRED,Full-Time
67a379e887ca010ba9b6a71f,5e8e7167572c651246e08a7b,APPROVED,Not Applicable,2025-02-05T14:50:12.132000Z,2025-02-05T14:54:58.416000Z,2025-02-05T14:56:41.979000Z,2025-02-05T14:55:21.239814Z,287.0,NOCODE,8401,44,Male,Asian,France,United States,United States,French,No,Full-Time
67a37a0936913308764d0692,5b76ce43bfc4cb0001f2c4c3,APPROVED,Not Applicable,2025-02-05T14:47:37.169000Z,2025-02-05T14:49:42.105000Z,2025-02-05T15:41:57.700000Z,2025-02-05T15:42:12.483530Z,125.0,NOCODE,3196,51,Female,White,United States,United States,United States,English,No,Full-Time
67a37a10bcea929a6aac075b,66ae80cec027eb018bce0148,APPROVED,Not Applicable,2025-02-05T14:47:51.228000Z,2025-02-05T14:49:52.876000Z,2025-02-05T14:56:42.335000Z,2025-02-05T14:49:53.561157Z,122.0,NOCODE,497,49,Female,White,United States,United States,United States,English,DATA_EXPIRED,DATA_EXPIRED
67a37a11695513c40a0a3f32,66d889f9225a2153f47cfe38,APPROVED,Not Applicable,2025-02-05T14:47:50.466000Z,2025-02-05T14:49:35.632000Z,2025-02-05T14:56:42.646000Z,2025-02-05T14:49:36.425360Z,106.0,NOCODE,822,45,Female,White,United States,United States,United States,English,No,Other
67a37a17fbe177c3a1bdcc14,6234965d3869b875dc31d93a,APPROVED,Not Applicable,2025-02-05T14:47:51.379000Z,2025-02-05T14:50:46.857000Z,2025-02-05T14:56:42.959000Z,2025-02-05T14:50:47.524215Z,176.0,NOCODE,4403,31,Male,Asian,United States,United States,United States,English,Yes,DATA_EXPIRED
67a37a288140a3eb84795d46,65c631b7035de5d5421633d2,APPROVED,Not Applicable,2025-02-05T14:48:17.001000Z,2025-02-05T14:51:39.657000Z,2025-02-05T14:56:43.538000Z,2025-02-05T14:51:40.303845Z,203.0,NOCODE,1302,48,Female,Black,United States,United States,United States,English,DATA_EXPIRED,DATA_EXPIRED
67a37a306a47d63930dc827d,6677fdeb6feb1f65778b2a88,APPROVED,Not Applicable,2025-02-05T14:48:22.546000Z,2025-02-05T14:51:07.119000Z,2025-02-05T14:56:43.910000Z,2025-02-05T14:51:08.277118Z,165.0,NOCODE,746,50,Female,White,United States,United States,United States,English,No,Part-Time
67a37a3fbf01ef121f5fc051,5feacbad520dd1b090762f57,APPROVED,Not Applicable,2025-02-05T14:48:36.822000Z,2025-02-05T14:50:18.189000Z,2025-02-05T14:56:44.240000Z,2025-02-05T14:50:18.822125Z,102.0,NOCODE,1,29,Female,White,United States,United States,United States,English,No,Full-Time
67a37a438e656e591bb3ff59,66fc681e947d5e7b1267b9bd,APPROVED,Not Applicable,2025-02-05T14:48:46.130000Z,2025-02-05T14:51:33.469000Z,2025-02-05T14:56:44.570000Z,2025-02-05T14:51:34.185629Z,168.0,NOCODE,35,45,Female,White,United States,United States,United States,English,Yes,DATA_EXPIRED
67a37a49268dbeb41dff6a5d,6117ba4fd05245c3cc387782,APPROVED,Not Applicable,2025-02-05T14:48:47.051000Z,2025-02-05T14:50:07.262000Z,2025-02-05T14:56:45.103000Z,2025-02-05T14:50:07.881325Z,81.0,NOCODE,6050,23,Female,Other,United States,United States,United States,English,Yes,Part-Time
67a37a4a3e2eb0026928f6cd,66293d8389dc2d02dab0e398,APPROVED,Not Applicable,2025-02-05T14:48:49.667000Z,2025-02-05T14:50:52.250000Z,2025-02-05T14:56:45.799000Z,2025-02-05T14:50:53.369219Z,123.0,NOCODE,647,51,Female,White,United States,United States,United States,English,DATA_EXPIRED,DATA_EXPIRED
67a37a4b06b304bee35d6147,5e83adf76ea9870c99d4b086,APPROVED,Not Applicable,2025-02-05T14:48:59.834000Z,2025-02-05T14:51:19.886000Z,2025-02-05T14:56:46.206000Z,2025-02-05T14:51:21.071264Z,141.0,NOCODE,7735,32,Female,Black,United States,United States,United States,English,No,Full-Time
67a37a501feb6b5e9b18ed6f,66635bba3a9f49a2dd23cac3,APPROVED,Not Applicable,2025-02-05T14:48:56.446000Z,2025-02-05T14:57:17.674000Z,2025-02-05T15:02:37.131000Z,2025-02-05T14:57:19.107354Z,502.0,No code given,372,67,Female,Black,United States,United States,United States,English,No,"Not in paid work (e.g. homemaker', 'retired or disabled)"
67a37a6810010a0887855f9d,6767ca14e5207336bfda7fd2,APPROVED,Not Applicable,2025-02-05T14:49:12.713000Z,2025-02-05T14:50:55.040000Z,2025-02-05T14:56:46.532000Z,2025-02-05T14:50:55.819444Z,103.0,6767ca14e5207336bfda7fd2,96,34,Female,White,DATA_EXPIRED,United States,United States,English,DATA_EXPIRED,Full-Time
67a37a81ba2dea14326f4d32,66a257bcda54ce8bfd5f52de,APPROVED,Not Applicable,2025-02-05T14:49:46.349000Z,2025-02-05T14:51:50.919000Z,2025-02-05T14:56:46.862000Z,2025-02-05T14:51:51.598552Z,125.0,NOCODE,192,28,Male,White,United States,United States,United States,English,DATA_EXPIRED,DATA_EXPIRED
67a37a9f06b304bee35d6152,5ffc9218eb4ab30bbeb6c301,APPROVED,Not Applicable,2025-02-05T14:50:16.563000Z,2025-02-05T14:51:44.988000Z,2025-02-05T14:56:47.214000Z,2025-02-05T14:51:45.585687Z,89.0,NOCODE,5312,31,Male,White,United States,United States,United States,English,Yes,Full-Time
67a37aa9a981ef156010c728,6750718c7d08a1b658702c22,APPROVED,Not Applicable,2025-02-05T14:51:22.769000Z,2025-02-05T15:00:29.533000Z,2025-02-05T15:02:38.056000Z,2025-02-05T15:00:30.192304Z,547.0,NOCODE,210,44,Male,Mixed,United States,United States,United States,English,No,Unemployed (and job seeking)
67a37aacf82f41d8e45223bc,5dd34f284b0e0c362eb11615,APPROVED,Not Applicable,2025-02-05T14:50:33.936000Z,2025-02-05T14:53:50.944000Z,2025-02-05T14:56:47.569000Z,2025-02-05T14:54:04.130335Z,198.0,NO CODE - You have either already completed the survey or your session has expired.,1024,49,Male,DATA_EXPIRED,United States,United States,United States,English,DATA_EXPIRED,DATA_EXPIRED
67a37ab2ba9107b18d1498ae,6643c274bfc790efff3b48e4,APPROVED,Not Applicable,2025-02-05T14:50:31.092000Z,2025-02-05T14:52:01.173000Z,2025-02-05T14:56:47.944000Z,2025-02-05T14:52:02.232712Z,91.0,NOCODE,697,30,Male,White,United States,United States,United States,English,No,Full-Time
67a37abd8310ebdb6b46fb59,627120b98967a5dbd4922c2e,APPROVED,Not Applicable,2025-02-05T14:50:45.813000Z,2025-02-05T14:52:48.715000Z,2025-02-05T14:56:48.422000Z,2025-02-05T14:52:50.173795Z,123.0,NOCODE,5083,38,Male,Asian,United States,United States,United States,English,DATA_EXPIRED,DATA_EXPIRED
67a37ac60aeed2a95c64416c,647f2d441bd745bf64c3d076,APPROVED,Not Applicable,2025-02-05T14:50:52.191000Z,2025-02-05T14:53:24.053000Z,2025-02-05T14:56:48.785000Z,2025-02-05T14:53:35.202787Z,152.0,NOCODE,3208,51,Male,White,United Kingdom,United States,United States,English,No,Full-Time
67a37acc2d209fcd1c4414b1,659852d1ee0c3cf02b15c88e,APPROVED,Not Applicable,2025-02-05T14:51:03.338000Z,2025-02-05T14:55:51.471000Z,2025-02-05T15:02:39.248000Z,2025-02-05T14:55:54.439775Z,289.0,NOCODE,230,63,Female,White,United States,United States,United States,English,No,"Not in paid work (e.g. homemaker', 'retired or disabled)"
67a37ad5abc3b8ea8a014147,60ff2c17c5bd6b4c55e72b43,APPROVED,Not Applicable,2025-02-05T14:51:06.413000Z,2025-02-05T14:56:25.789000Z,2025-02-05T15:02:39.645000Z,2025-02-05T14:56:27.810357Z,320.0,NOCODE,1027,28,Female,White,United States,United States,United States,English,No,Full-Time
67a37ade08ae7d0f779919f3,64707fd9bca46372e3a80468,APPROVED,Not Applicable,2025-02-05T14:51:20.208000Z,2025-02-05T14:56:14.191000Z,2025-02-05T15:02:40.092000Z,2025-02-05T14:56:15.156564Z,294.0,NOCODE,2190,46,Female,White,United States,United States,United States,English,No,Full-Time
67a37b22fa06bebc2015aed1,6642443d20c6756676eb72c3,APPROVED,Not Applicable,2025-02-05T14:52:35.390000Z,2025-02-05T14:54:41.875000Z,2025-02-05T14:56:49.141000Z,2025-02-05T14:55:02.687772Z,127.0,NOCODE,681,42,Female,White,United States,United States,United States,English,No,Full-Time
67a37b2c2c73435dc93b6268,5f032c613963d04d69c9327b,APPROVED,Not Applicable,2025-02-05T14:52:44.853000Z,2025-02-05T14:58:51.187000Z,2025-02-05T15:02:40.515000Z,2025-02-05T14:58:52.154005Z,367.0,NOCODE,4414,72,Male,White,United States,United States,United States,English,No,Unemployed (and job seeking)
67a37b3773b381bf85645b3b,647660ef7bc13de7eaf0c76e,APPROVED,Not Applicable,2025-02-05T14:52:51.804000Z,2025-02-05T14:58:45.052000Z,2025-02-05T15:02:40.956000Z,2025-02-05T14:58:45.909436Z,354.0,NOCODE,1223,67,Female,White,United States,United States,United States,English,DATA_EXPIRED,DATA_EXPIRED
67a37b3da2a5f75304b3ff94,5c8ef3c2d7ecab0018d528da,APPROVED,Not Applicable,2025-02-05T14:52:50.394000Z,2025-02-05T15:01:14.980000Z,2025-02-05T15:02:41.356000Z,2025-02-05T15:01:15.851142Z,505.0,NOCODE,4780,53,Female,Black,United States,United States,United States,English,DATA_EXPIRED,DATA_EXPIRED
67a37d819a5e96a9711f84d6,5c7f2dc436ad0a00110bb122,APPROVED,Not Applicable,2025-02-05T15:02:30.924000Z,2025-02-05T15:04:11.569000Z,2025-02-05T15:04:33.924000Z,2025-02-05T15:05:01.791773Z,101.0,NOCODE,7190,39,Male,Asian,United States,United States,United States,English,No,Full-Time
67a37d9f0ed757afe8417bef,5dbacecee2fafc0e38007428,APPROVED,Not Applicable,2025-02-05T15:02:58.275000Z,2025-02-05T15:05:19.412000Z,2025-02-05T15:06:10.928000Z,2025-02-05T15:06:03.659313Z,142.0,NOCODE,1332,27,Female,Black,United States,United States,United States,English,DATA_EXPIRED,Part-Time
67a37dd2161e68b368e44825,60fc8001661feddb796ef7a0,APPROVED,Not Applicable,2025-02-05T15:03:57.269000Z,2025-02-05T15:06:04.409000Z,2025-02-05T15:06:35.770000Z,2025-02-05T15:06:41.293441Z,128.0,NOCODE,1578,35,Female,White,United States,United States,United States,English,DATA_EXPIRED,DATA_EXPIRED
67a37df960a32f1f6d862440,6672394774f0704913ff5539,RETURNED,Not Applicable,2025-02-05T15:04:34.615000Z,,,2025-02-05T16:03:54.352677Z,,,954,CONSENT_REVOKED,CONSENT_REVOKED,CONSENT_REVOKED,CONSENT_REVOKED,CONSENT_REVOKED,CONSENT_REVOKED,CONSENT_REVOKED,CONSENT_REVOKED,CONSENT_REVOKED
67a37dff9bc83d57da6934fc,65c0e2c666436599bbc02dc8,APPROVED,Not Applicable,2025-02-05T15:04:41.036000Z,2025-02-05T15:07:11.953000Z,2025-02-05T15:15:34.295000Z,2025-02-05T15:07:13.695514Z,151.0,NOCODE,590,41,Female,White,United States,United States,United States,English,No,Full-Time
67a37e05482a387630027c73,664647c5b2cc8a7aef9982a5,APPROVED,Not Applicable,2025-02-05T15:08:16.953000Z,2025-02-05T15:10:14.417000Z,2025-02-05T15:15:34.806000Z,2025-02-05T15:10:15.056504Z,118.0,NOCODE,14,34,Male,White,United States,United States,United States,English,No,Full-Time
67a37e172bc654de9670be31,665a1ad3793f89681898b4ce,APPROVED,Not Applicable,2025-02-05T15:05:01.092000Z,2025-02-05T15:08:53.697000Z,2025-02-05T15:15:35.407000Z,2025-02-05T15:08:54.405004Z,233.0,no code given,807,63,Male,White,United States,United States,United States,English,No,"Not in paid work (e.g. homemaker', 'retired or disabled)"
67a37e40b2bc0b4e6425f692,6786be75f5eb543b17c971b9,APPROVED,Not Applicable,2025-02-05T15:05:42.773000Z,2025-02-05T15:07:49.233000Z,2025-02-05T15:15:35.894000Z,2025-02-05T15:07:49.880933Z,127.0,NOCODE,18,19,Female,White,United States,United States,United States,English,DATA_EXPIRED,DATA_EXPIRED
67a37e5597b62f8ef2aaf62d,6054e1ddb68b58dd23242765,APPROVED,Not Applicable,2025-02-05T15:06:01.387000Z,2025-02-05T15:10:52.003000Z,2025-02-05T15:15:36.700000Z,2025-02-05T15:10:52.786008Z,291.0,NOCODE,4762,37,Male,Mixed,United States,United States,United States,English,DATA_EXPIRED,DATA_EXPIRED
67a37e5769dc90fd92399e1c,5e651a304eb006294c9164ea,APPROVED,Not Applicable,2025-02-05T15:06:04.913000Z,2025-02-05T15:08:26.550000Z,2025-02-05T15:15:37.164000Z,2025-02-05T15:08:27.668862Z,142.0,NOCODE,623,29,Male,White,United States,United States,United States,English,No,Full-Time
67a37e7136b4710a610cd157,572d55e1109ab600105176ba,APPROVED,Not Applicable,2025-02-05T15:06:35.406000Z,2025-02-05T15:09:59.358000Z,2025-02-05T15:15:37.755000Z,2025-02-05T15:10:00.114322Z,204.0,NOCODE,4717,33,Male,White,United States,United States,United States,English,No,Full-Time
67a37e768a48421d35a35c30,65d6a09286a0c99e632a46dd,APPROVED,Not Applicable,2025-02-05T15:06:35.276000Z,2025-02-05T15:08:55.417000Z,2025-02-05T15:15:38.376000Z,2025-02-05T15:08:56.295872Z,141.0,NOCODE,1642,22,Male,White,United States,United States,United States,English,No,Full-Time
67a37e82bb31a0a1a009082f,634daef76b207fe8342f06fe,APPROVED,Not Applicable,2025-02-05T15:06:49.469000Z,2025-02-05T15:09:40.268000Z,2025-02-05T15:15:38.915000Z,2025-02-05T15:09:40.963043Z,171.0,NOCODE,252,40,Female,White,United States,United States,United States,English,DATA_EXPIRED,DATA_EXPIRED
67a37e85e9a5b9a64f7aefb7,663293f329e2d013e0d289f2,APPROVED,Not Applicable,2025-02-05T15:07:04.695000Z,2025-02-05T15:09:19.558000Z,2025-02-05T15:15:39.430000Z,2025-02-05T15:09:20.284160Z,135.0,NOCODE,265,50,Female,White,United States,United States,United States,English,No,"Not in paid work (e.g. homemaker', 'retired or disabled)"
67a37e884cb19334d8fcbb17,5e4817a6e98da32bd77e901e,APPROVED,Not Applicable,2025-02-05T15:06:53.155000Z,2025-02-05T15:12:03.493000Z,2025-02-05T15:15:39.960000Z,2025-02-05T15:12:04.663189Z,311.0,NOCODE,2566,30,Male,White,United States,United States,United States,English,No,Full-Time
67a37e939bc83d57da693510,67a35bb5cef72df7bbc5e1cf,TIMED-OUT,Not Applicable,2025-02-05T15:07:08.939000Z,,,2025-02-05T16:03:54.399553Z,3406.0,,0,74,Male,White,United States,United States,United States,English,No,Other
67a37e98abc3b8ea8a01421b,5d48f454fb0ce0001a050283,APPROVED,Not Applicable,2025-02-05T15:07:49.238000Z,2025-02-05T15:09:49.666000Z,2025-02-05T15:15:40.544000Z,2025-02-05T15:09:50.539030Z,121.0,NOCODE,4077,47,Female,White,United States,United States,United States,English,No,"Not in paid work (e.g. homemaker', 'retired or disabled)"
67a37ee8695513c40a0a4022,66c7adc45a77680b4053f8e2,APPROVED,Not Applicable,2025-02-05T15:08:33.483000Z,2025-02-05T15:13:12.086000Z,2025-02-05T15:15:41.186000Z,2025-02-05T15:13:13.618150Z,279.0,NOCODE,815,21,Female,Black,Burundi,United States,United States,English,Yes,Full-Time
67a37f2951abce0f2054255d,5c5c7f9cdff4b30001aa79a5,APPROVED,Not Applicable,2025-02-05T15:09:34.556000Z,2025-02-05T15:12:13.512000Z,2025-02-05T15:15:41.776000Z,2025-02-05T15:12:24.734463Z,159.0,NOCODE,464,35,Male,White,United States,United States,United States,English,DATA_EXPIRED,DATA_EXPIRED
67a37f5c7532dd6170385341,5f233e697cbaef0e3868725a,APPROVED,Not Applicable,2025-02-05T15:10:28.457000Z,2025-02-05T15:16:25.434000Z,2025-02-05T15:16:34.674000Z,2025-02-05T15:16:26.629729Z,357.0,NOCODE,1391,41,Male,White,United States,United States,United States,English,No,Full-Time
67a37f67161e68b368e44888,66d892817b6782c69aaba94e,APPROVED,Not Applicable,2025-02-05T15:10:40.886000Z,2025-02-05T15:13:09.897000Z,2025-02-05T15:15:42.273000Z,2025-02-05T15:13:10.884230Z,150.0,NOCODE,363,29,Female,Asian,Philippines,United States,United States,English,No,Unemployed (and job seeking)
67a37f75ba2dea14326f4e05,661c192305de463b9f025ed0,APPROVED,Not Applicable,2025-02-05T15:10:55.536000Z,2025-02-05T15:13:13.477000Z,2025-02-05T15:15:43.342000Z,2025-02-05T15:13:14.403945Z,138.0,NOCODE,824,28,Male,Asian,United States,United States,Trinidad and Tobago,English,No,Full-Time
67a37f7706b304bee35d624c,62951620b89e0ab0b347cfa1,APPROVED,Not Applicable,2025-02-05T15:10:51.986000Z,2025-02-05T15:13:01.268000Z,2025-02-05T15:15:44.089000Z,2025-02-05T15:13:04.457085Z,130.0,NOCODE,1034,25,Female,White,United States,United States,United States,English,No,Full-Time
67a37f787fed6194318a3428,66587fc76ffbd0dff98853c6,APPROVED,Not Applicable,2025-02-05T15:10:54.271000Z,2025-02-05T15:19:13.401000Z,2025-02-05T15:25:14.222000Z,2025-02-05T15:19:14.804351Z,500.0,NOCODE,1581,29,Male,Black,United States,United States,United States,English,DATA_EXPIRED,DATA_EXPIRED
67a380039cfda580636faeee,664d9194e49497decd4a5536,RETURNED,Not Applicable,2025-02-05T15:15:23.030000Z,,,2025-02-05T16:03:54.374290Z,,,581,CONSENT_REVOKED,CONSENT_REVOKED,CONSENT_REVOKED,CONSENT_REVOKED,CONSENT_REVOKED,CONSENT_REVOKED,CONSENT_REVOKED,CONSENT_REVOKED,CONSENT_REVOKED
67a3802e451d52aa550da798,60b3e0e13e007364dd1791b5,APPROVED,Not Applicable,2025-02-05T15:14:57.671000Z,2025-02-05T15:18:46.227000Z,2025-02-05T15:25:14.723000Z,2025-02-05T15:18:47.359488Z,229.0,NOCODE,467,24,Male,White,United States,United States,United States,English,No,Full-Time
67a380475de5268d1c5fa247,614deec82f82c126feeddf3d,TIMED-OUT,Not Applicable,2025-02-05T15:15:11.606000Z,,,2025-02-05T16:03:54.400603Z,2923.0,,228,36,Male,White,United States,United States,United States,English,No,Unemployed (and job seeking)
67a38055b88a33b20d10cef9,663a73c05e670e0f32b6ae4f,APPROVED,Not Applicable,2025-02-05T15:14:57.990000Z,2025-02-05T15:20:43.311000Z,2025-02-05T15:25:15.212000Z,2025-02-05T15:20:44.112905Z,346.0,NOCODE,989,31,Female,White,United States,United States,United States,English,DATA_EXPIRED,DATA_EXPIRED
67a3806ecc019bd328268d9e,66ec5153cbf5334248b0c79f,APPROVED,Not Applicable,2025-02-05T15:15:05.597000Z,2025-02-05T15:18:54.960000Z,2025-02-05T15:25:15.643000Z,2025-02-05T15:18:55.811571Z,230.0,NOCODE,77,42,Female,White,United States,United States,United States,English,No,"Not in paid work (e.g. homemaker', 'retired or disabled)"
67a380b23ae327fc045544e6,578bcb2c09fb91000133750e,APPROVED,Not Applicable,2025-02-05T15:16:07.623000Z,2025-02-05T15:17:59.932000Z,2025-02-05T15:25:16.036000Z,2025-02-05T15:18:00.917176Z,113.0,NOCODE,2581,41,Female,White,United States,United States,United States,English,DATA_EXPIRED,DATA_EXPIRED
67a380e8ee2c6b8f8b0d33d4,5dc0a5b5b4cc78050437f1b4,APPROVED,Not Applicable,2025-02-05T15:17:07.205000Z,2025-02-05T15:20:05.401000Z,2025-02-05T15:25:16.475000Z,2025-02-05T15:20:06.319759Z,179.0,NOCODE,825,49,Female,Asian,United States,United States,United States,English,No,"Not in paid work (e.g. homemaker', 'retired or disabled)"
67a380fb1a2c380c06c76d0a,5dcf34f64fee9907fc626f0f,APPROVED,Not Applicable,2025-02-05T15:17:21.650000Z,2025-02-05T15:21:10.260000Z,2025-02-05T15:25:16.948000Z,2025-02-05T15:21:11.074798Z,229.0,NOCODE,7624,76,Female,White,United States,United States,United States,English,DATA_EXPIRED,DATA_EXPIRED
67a3814b2fbfb38dd8045d03,62c8e8bf2d09810208eb27a6,APPROVED,Not Applicable,2025-02-05T15:18:43.186000Z,2025-02-05T15:20:26.654000Z,2025-02-05T15:25:17.463000Z,2025-02-05T15:20:27.470700Z,104.0,NOCODE,1330,30,Male,White,United States,United States,United States,English,No,Full-Time
67a38159934ae1588791b588,662fae2c903aa4e24fabed3e,APPROVED,Not Applicable,2025-02-05T15:18:54.698000Z,2025-02-05T15:20:40.001000Z,2025-02-05T15:25:17.894000Z,2025-02-05T15:20:40.702094Z,106.0,NOCODE,688,48,Male,White,United States,United States,United States,English,DATA_EXPIRED,DATA_EXPIRED
67a3815a2a04bc6b2a9840d8,66cc7b385766598c0227cfa4,APPROVED,Not Applicable,2025-02-05T15:18:57.693000Z,2025-02-05T15:21:21.223000Z,2025-02-05T15:25:18.276000Z,2025-02-05T15:21:22.082441Z,144.0,NOCODE,410,33,Male,White,United States,United States,United States,English,No,Other
67a381b960131e5d604d721c,66d71dbb91a283b5a18fb170,APPROVED,Not Applicable,2025-02-05T15:20:29.912000Z,2025-02-05T15:21:54.570000Z,2025-02-05T15:25:18.680000Z,2025-02-05T15:21:55.296201Z,85.0,NOCODE,374,35,Male,Black,United States,United States,United States,English,No,Part-Time
67a381c6419a688786e0a871,66d719a522a3689e93fd0351,APPROVED,Not Applicable,2025-02-05T15:20:43.452000Z,2025-02-05T15:23:20.481000Z,2025-02-05T15:25:19.135000Z,2025-02-05T15:24:13.280749Z,158.0,NOCODE,666,33,Male,White,United States,United States,United States,English,No,"Not in paid work (e.g. homemaker', 'retired or disabled)"
67a381c91a7f1c3dff04f4f8,671fa640613553ae54b0b526,APPROVED,Not Applicable,2025-02-05T15:20:47.217000Z,2025-02-05T15:26:05.996000Z,2025-02-05T15:41:31.958000Z,2025-02-05T15:26:35.442121Z,319.0,NOCODE,223,47,Female,White,United States,United States,United States,English,No,Other
67a381dcefb112d82bb6384d,62b7ccbcd0d33ba41c784cee,APPROVED,Not Applicable,2025-02-05T15:21:05.552000Z,2025-02-05T15:23:50.636000Z,2025-02-05T15:25:19.548000Z,2025-02-05T15:25:23.416814Z,166.0,NOCODE,977,35,Female,Other,United States,United States,United States,English,No,Full-Time
67a38254b4c5fab5a99435a6,669a6c7ff3b4ff305f58eaa7,APPROVED,Not Applicable,2025-02-05T15:23:04.845000Z,2025-02-05T15:25:32.796000Z,2025-02-05T15:40:52.767000Z,2025-02-05T15:26:11.893058Z,148.0,NOCODE,616,50,Female,White,United States,United States,United States,English,DATA_EXPIRED,DATA_EXPIRED
67a382ba6e5d8664bbcf8c2d,5db4a409d27e05000f0eaa00,APPROVED,Not Applicable,2025-02-05T15:25:27.730000Z,2025-02-05T15:28:21.797000Z,2025-02-05T15:40:53.430000Z,2025-02-05T15:28:28.077370Z,175.0,NOCODE,9113,34,Male,White,United States,United States,United States,English,No,"Not in paid work (e.g. homemaker', 'retired or disabled)"
67a382bb64f12a0eb69e29b1,6107d606c44f4139b1eed74b,TIMED-OUT,Not Applicable,2025-02-05T15:24:53.359000Z,,,2025-02-05T16:03:54.426714Z,2342.0,,204,21,Female,Black,United States,United States,United States,English,DATA_EXPIRED,DATA_EXPIRED
67a3837d5600aa006cf7c1c1,62ceba5fdab49dfc90278cbb,APPROVED,Not Applicable,2025-02-05T15:27:57.538000Z,2025-02-05T15:30:03.962000Z,2025-02-05T15:40:53.995000Z,2025-02-05T15:30:27.655607Z,127.0,NOCODE,3781,26,Female,White,United States,United States,United States,English,Yes,Full-Time
67a383b4e2e893bb352d406d,6630fa02e113b5684f5f6771,APPROVED,Not Applicable,2025-02-05T15:29:54.437000Z,2025-02-05T15:34:55.842000Z,2025-02-05T15:40:54.585000Z,2025-02-05T15:34:56.864734Z,302.0,NOCODE,1103,35,Female,Asian,Hong Kong,United States,United States,Chinese,DATA_EXPIRED,DATA_EXPIRED
67a3841b534dff067b12f497,678a0950a1c56f667456fc2f,APPROVED,Not Applicable,2025-02-05T15:31:36.001000Z,2025-02-05T15:47:15.788000Z,2025-02-05T15:47:22.071000Z,2025-02-05T15:47:16.661172Z,940.0,NOCODE,16,39,Female,Black,United States,United States,United States,English,DATA_EXPIRED,Part-Time
67a3844684b73217d847a9c2,5f0fab5abdec9a1aff2b2744,APPROVED,Not Applicable,2025-02-05T15:31:32.867000Z,2025-02-05T15:33:27.098000Z,2025-02-05T15:40:55.174000Z,2025-02-05T15:33:28.091763Z,115.0,NOCODE,8092,34,Female,White,United States,United States,United States,English,DATA_EXPIRED,DATA_EXPIRED
67a38453a6dcd58f3ad7aa82,5ec9fc1650b79c158be48421,APPROVED,Not Applicable,2025-02-05T15:31:40.262000Z,2025-02-05T15:39:15.041000Z,2025-02-05T15:40:55.797000Z,2025-02-05T15:41:46.579364Z,455.0,NOCODE,4077,48,Female,White,United States,United States,United States,English,No,"Not in paid work (e.g. homemaker', 'retired or disabled)"
67a3849b993dc3972edec412,5fb156d6e16ee65ed2558d7c,APPROVED,Not Applicable,2025-02-05T15:32:51.454000Z,2025-02-05T15:35:58.303000Z,2025-02-05T15:40:56.348000Z,2025-02-05T15:35:59.535109Z,187.0,NOCODE,1191,24,Male,DATA_EXPIRED,United States,United States,United States,English,DATA_EXPIRED,DATA_EXPIRED
67a384b3b634fdfa42399515,60fe16e4ceea06b4799435c8,APPROVED,Not Applicable,2025-02-05T15:33:12.812000Z,2025-02-05T15:34:53.867000Z,2025-02-05T15:40:56.946000Z,2025-02-05T15:34:55.394112Z,102.0,NOCODE,816,36,Female,White,United States,United States,United States,English,No,Full-Time
67a3858bbf8224fbe05cf6dd,6306d29af0c80316a9c5aa1b,APPROVED,Not Applicable,2025-02-05T15:36:51.824000Z,2025-02-05T15:38:40.451000Z,2025-02-05T15:40:57.543000Z,2025-02-05T15:38:44.309211Z,109.0,NOCODE,1151,33,Male,White,Mexico,United States,United States,English,Yes,Full-Time
67a385a3e93006fca0753609,601c3d70bd4849701c691c0d,RETURNED,Not Applicable,2025-02-05T15:37:10.625000Z,,,2025-02-05T16:03:54.436465Z,,,65,CONSENT_REVOKED,CONSENT_REVOKED,CONSENT_REVOKED,CONSENT_REVOKED,CONSENT_REVOKED,CONSENT_REVOKED,CONSENT_REVOKED,CONSENT_REVOKED,CONSENT_REVOKED
67a3861b4c6eac41535a8f6c,6698f6841ea17860f25b306d,APPROVED,Not Applicable,2025-02-05T15:39:16.334000Z,2025-02-05T15:41:59.626000Z,2025-02-05T15:42:17.830000Z,2025-02-05T15:42:33.824976Z,164.0,NOCODE,653,51,Male,White,United States,United States,United States,English,No,Other
67a386c4c0b768d462b5043b,628bbe2c0f8080e6985e8592,APPROVED,Not Applicable,2025-02-05T15:42:08.210000Z,2025-02-05T15:44:32.562000Z,2025-02-05T15:44:52.631000Z,2025-02-05T15:44:33.313291Z,145.0,NOCODE,6892,29,Male,Mixed,United States,United States,United States,English,DATA_EXPIRED,DATA_EXPIRED
67a386fb461445b1b40c6cb4,67463e8f42e18b5c296fb0b1,APPROVED,Not Applicable,2025-02-05T15:43:01.437000Z,2025-02-05T15:46:41.634000Z,2025-02-05T15:46:46.488000Z,2025-02-05T15:46:42.246234Z,221.0,NOCODE,350,31,Male,White,Canada,United States,United States,English,No,Full-Time
67a387089a07bee09e8f3a90,558bbd56fdf99b2127e1f359,APPROVED,Not Applicable,2025-02-05T15:43:19.398000Z,2025-02-05T15:46:27.173000Z,2025-02-05T15:46:36.638000Z,2025-02-05T15:46:27.896182Z,188.0,NOCODE,3293,51,Female,White,United States,United States,United States,English,No,Full-Time
67a387662394014742698c89,651701711294a92ff791d9c7,APPROVED,Not Applicable,2025-02-05T15:44:50.561000Z,2025-02-05T15:48:33.750000Z,2025-02-05T15:49:07.224000Z,2025-02-05T15:48:34.529046Z,224.0,NOCODE,1403,53,Male,White,United States,United States,United States,English,No,Full-Time
67a38822ed763eef5f5460fd,5fdd503ee766bb41fd50f9d1,APPROVED,Not Applicable,2025-02-05T15:47:54.901000Z,2025-02-05T15:50:18.969000Z,2025-02-05T15:50:28.622000Z,2025-02-05T15:50:42.788548Z,145.0,NOCODE,1753,37,Male,White,United States,United States,United States,English,No,Full-Time
67a388664fd41b2a86701295,5d14c08b63f5660018e9c499,APPROVED,Not Applicable,2025-02-05T15:49:01.262000Z,2025-02-05T15:51:31.799000Z,2025-02-05T15:56:43.213000Z,2025-02-05T15:52:32.535982Z,151.0,NOCODE,6959,50,Male,White,United States,United States,United States,English,No,Full-Time
67a388d930aa096287dec346,6765bcfbba1b23a6d35d9610,APPROVED,Not Applicable,2025-02-05T15:50:54.609000Z,2025-02-05T15:53:21.942000Z,2025-02-05T15:56:43.863000Z,2025-02-05T15:53:40.523737Z,148.0,NOCODE,84,23,Male,Black,Kenya,United States,United States,English,Yes,DATA_EXPIRED
67a388f7990f37785c5fc6fe,665dfd82ae98d810b7b83907,APPROVED,Not Applicable,2025-02-05T15:51:24.307000Z,2025-02-05T15:54:21.113000Z,2025-02-05T15:56:44.529000Z,2025-02-05T15:54:22.281654Z,177.0,NOCODE,774,61,Female,White,United States,United States,Italy,English,No,Other
67a38b5da63fb994705a1f9b,622a2b1c561ce3cd95519fd2,APPROVED,Not Applicable,2025-02-05T16:02:22.226000Z,2025-02-05T16:05:20.186000Z,2025-02-05T16:06:15.669000Z,2025-02-05T16:05:21.822494Z,178.0,NOCODE,4342,64,Male,White,United States,United States,United States,English,No,"Not in paid work (e.g. homemaker', 'retired or disabled)"
